<?xml version="1.0" encoding="UTF-8"?>
<project-private xmlns="http://www.netbeans.org/ns/project-private/1">
    <editor-bookmarks xmlns="http://www.netbeans.org/ns/editor-bookmarks/2" lastBookmarkId="0"/>
    <open-files xmlns="http://www.netbeans.org/ns/projectui-open-files/2">
        <group>
            <file>file:/C:/Users/LAS/Desktop/Market/Market/src/capasPresentacion/administradores.java</file>
            <file>file:/C:/Users/LAS/Desktop/Market/Market/src/capasPresentacion/usuarioCompra.java</file>
            <file>file:/C:/Users/LAS/Desktop/Market/Market/src/SQL/Conexion.java</file>
            <file>file:/C:/Users/LAS/Desktop/Market/Market/src/ClasesDAO/ProductoDAO.java</file>
            <file>file:/C:/Users/LAS/Desktop/Market/Market/src/ClasesDAO/FacturaDAO.java</file>
            <file>file:/C:/Users/LAS/Desktop/Market/Market/src/ClasesDAO/DetalleDAO.java</file>
            <file>file:/C:/Users/LAS/Desktop/Market/Market/src/Clases/Producto.java</file>
            <file>file:/C:/Users/LAS/Desktop/Market/Market/src/Clases/Factura.java</file>
            <file>file:/C:/Users/LAS/Desktop/Market/Market/src/Clases/Detalle.java</file>
            <file>file:/C:/Users/LAS/Desktop/Market/Market/src/capasPresentacion/acceso.java</file>
        </group>
    </open-files>
</project-private>
